﻿{"cameraMode":{"drawMode":0,"name":"Shaded","section":"Shading Mode"},"sceneLighting":false,"audioPlay":false,"sceneViewState":{"showFog":true,"showMaterialUpdate":false,"showSkybox":false,"showFlares":true,"showImageEffects":true,"showParticleSystems":true},"in2DMode":false,"pivot":{"x":5.860000133514404,"y":0.48000001907348635,"z":-5.679999828338623},"rotation":{"x":-0.42493873834609988,"y":-0.004073502961546183,"z":0.0019122302765026689,"w":-0.9052109718322754},"size":11.16752815246582,"orthographic":false}