﻿{"cameraMode":{"drawMode":0,"name":"Shaded","section":"Shading Mode"},"sceneLighting":false,"audioPlay":false,"sceneViewState":{"showFog":true,"showMaterialUpdate":false,"showSkybox":false,"showFlares":true,"showImageEffects":true,"showParticleSystems":true},"in2DMode":false,"pivot":{"x":6.71999979019165,"y":0.8299999237060547,"z":-7.570000171661377},"rotation":{"x":-0.21583887934684754,"y":0.5781892538070679,"z":-0.16207990050315858,"w":-0.7699616551399231},"size":2.8578829765319826,"orthographic":false}