﻿{"cameraMode":{"drawMode":0,"name":"Shaded","section":"Shading Mode"},"sceneLighting":true,"audioPlay":false,"sceneViewState":{"showFog":true,"showMaterialUpdate":false,"showSkybox":true,"showFlares":true,"showImageEffects":true,"showParticleSystems":true},"in2DMode":false,"pivot":{"x":132.29676818847657,"y":362.81109619140627,"z":-1.31689453125},"rotation":{"x":0.0050933449529111389,"y":0.04498487710952759,"z":0.00022969239216763526,"w":-0.9989746809005737},"size":442.7695007324219,"orthographic":false}