﻿{"cameraMode":{"drawMode":0,"name":"Shaded","section":"Shading Mode"},"sceneLighting":true,"audioPlay":false,"sceneViewState":{"showFog":true,"showMaterialUpdate":false,"showSkybox":true,"showFlares":true,"showImageEffects":true,"showParticleSystems":true},"in2DMode":false,"pivot":{"x":3.4071311950683595,"y":5.136717796325684,"z":-11.559207916259766},"rotation":{"x":-0.21674692630767823,"y":0.1211928203701973,"z":-0.02712942846119404,"w":-0.9682959914207459},"size":31.661575317382814,"orthographic":false}